{"loss": [0.48483461141586304, 0.16516657173633575, 0.12386815249919891, 0.10273407399654388, 0.09084001928567886, 0.07941757142543793, 0.0733603835105896, 0.06652053445577621, 0.06314554810523987, 0.05975169315934181, 0.05590158700942993, 0.05316190421581268, 0.0501088872551918, 0.04823578521609306, 0.04554593935608864], "acc": [0.8516833186149597, 0.9491333365440369, 0.961733341217041, 0.9678999781608582, 0.9718166589736938, 0.975766658782959, 0.9775333404541016, 0.979283332824707, 0.9800999760627747, 0.9814666509628296, 0.9826666712760925, 0.9835666418075562, 0.9841499924659729, 0.9851333498954773, 0.9857333302497864], "val_loss": [0.14036698639392853, 0.08876633644104004, 0.06646940857172012, 0.05815300717949867, 0.05221617966890335, 0.044847480952739716, 0.04135998710989952, 0.0396089144051075, 0.03815864026546478, 0.03436661884188652, 0.03606684133410454, 0.03303056210279465, 0.03314502164721489, 0.028523070737719536, 0.03243725746870041], "val_acc": [0.9575999975204468, 0.9706000089645386, 0.9785000085830688, 0.9803000092506409, 0.982200026512146, 0.9840999841690063, 0.9854999780654907, 0.9868999719619751, 0.9872999787330627, 0.9884999990463257, 0.9869999885559082, 0.9890000224113464, 0.9890999794006348, 0.9907000064849854, 0.9883999824523926]}