{"loss": [0.4525455832481384, 0.16126717627048492, 0.12025056779384613, 0.10199660807847977, 0.08932755887508392, 0.0791400820016861, 0.07241147011518478, 0.06637271493673325, 0.06294183433055878, 0.05904577299952507, 0.05600203201174736, 0.05325529724359512, 0.05010323226451874, 0.04859374836087227, 0.04682299122214317], "acc": [0.8576666712760925, 0.950166642665863, 0.9623333215713501, 0.9682000279426575, 0.9719833135604858, 0.9757500290870667, 0.977566659450531, 0.9792333245277405, 0.9802333116531372, 0.9821833372116089, 0.9824833273887634, 0.9833666682243347, 0.9847999811172485, 0.9849500060081482, 0.9852499961853027], "val_loss": [0.1349031627178192, 0.09323170781135559, 0.06867247074842453, 0.05895160511136055, 0.05688800662755966, 0.047557391226291656, 0.04334317147731781, 0.04194527119398117, 0.03966079652309418, 0.03404996171593666, 0.03857582435011864, 0.034325629472732544, 0.03264220803976059, 0.030436648055911064, 0.030291780829429626], "val_acc": [0.9585999846458435, 0.9692000150680542, 0.9776999950408936, 0.9811000227928162, 0.9815000295639038, 0.984000027179718, 0.9861999750137329, 0.9869999885559082, 0.9876000285148621, 0.9891999959945679, 0.987500011920929, 0.9894000291824341, 0.9894000291824341, 0.9902999997138977, 0.989799976348877]}