{"loss": [0.45902764797210693, 0.15809819102287292, 0.11919616907835007, 0.10019949823617935, 0.08769965171813965, 0.078004851937294, 0.07263241708278656, 0.06545457988977432, 0.06088396906852722, 0.05668971315026283, 0.054194554686546326, 0.05153579264879227, 0.048629630357027054, 0.04643571749329567, 0.04437918961048126], "acc": [0.8597666621208191, 0.9521999955177307, 0.9633333086967468, 0.9696666598320007, 0.9733166694641113, 0.9756166934967041, 0.9777500033378601, 0.9798666834831238, 0.981333315372467, 0.9823166728019714, 0.9833833575248718, 0.984250009059906, 0.9851333498954773, 0.9849666953086853, 0.9858166575431824], "val_loss": [0.13086652755737305, 0.09045111387968063, 0.0672471895813942, 0.05831603333353996, 0.052890583872795105, 0.04548053443431854, 0.04367363452911377, 0.04202352464199066, 0.038292720913887024, 0.03435111418366432, 0.03510192781686783, 0.03319235518574715, 0.03178800269961357, 0.029526349157094955, 0.030612198635935783], "val_acc": [0.9617000222206116, 0.9718999862670898, 0.9794999957084656, 0.9814000129699707, 0.9828000068664551, 0.986299991607666, 0.9861000180244446, 0.98580002784729, 0.9876000285148621, 0.9889000058174133, 0.9879999756813049, 0.9900000095367432, 0.989300012588501, 0.9907000064849854, 0.9902999997138977]}