BLOCK,ACTUAL_KE,KE_AVE,ERROR
1,0.961737,0.961737,0
2,0.882205,0.921971,0.0281189
3,0.867924,0.903955,0.0238283
4,0.860143,0.893002,0.0202325
5,0.849047,0.884211,0.0179948
6,0.849925,0.878497,0.0158771
7,0.82293,0.870559,0.0154666
8,0.837639,0.866444,0.01407
9,0.856866,0.86538,0.0125469
10,0.867718,0.865613,0.0112944
