BLOCK,ACTUAL_KE,KE_AVE,ERROR
1,0.956735,0.956735,0
2,0.900156,0.928445,0.0200038
3,0.889717,0.915536,0.0169984
4,0.873413,0.905005,0.0156751
5,0.875545,0.899113,0.0136024
6,0.862426,0.892998,0.0126352
7,0.843536,0.885932,0.0126526
8,0.833792,0.879415,0.0126387
9,0.852138,0.876384,0.0115921
10,0.863797,0.875125,0.010501
