BLOCK,ACTUAL_PE,PE_AVE,ERROR
1,-6.08958,-6.08958,0
2,-6.01441,-6.05199,0.0265756
3,-6.0009,-6.03496,0.0225227
4,-5.98983,-6.02368,0.0195152
5,-5.98,-6.01494,0.0174582
6,-5.97948,-6.00903,0.015517
7,-5.94969,-6.00055,0.0154436
8,-5.96603,-5.99624,0.0141033
9,-5.98539,-5.99503,0.0125876
10,-5.99779,-5.99531,0.0113319
