BLOCK,ACTUAL_PE,PE_AVE,ERROR
1,-6.08674,-6.08674,0
2,-6.03055,-6.05865,0.0198652
3,-6.02059,-6.04596,0.016813
4,-6.00408,-6.03549,0.015532
5,-6.00359,-6.02911,0.0136737
6,-5.99327,-6.02314,0.012632
7,-5.97206,-6.01584,0.0127624
8,-5.96403,-6.00936,0.0127044
9,-5.98179,-6.0063,0.0116564
10,-5.99171,-6.00484,0.0105816
