BLOCK,ACTUAL_P,P_AVE,ERROR
1,-0.363416,-0.363416,0
2,-0.389991,-0.376703,0.00939548
3,-0.395233,-0.38288,0.00804154
4,-0.403717,-0.388089,0.00753177
5,-0.402068,-0.390885,0.00652373
6,-0.408666,-0.393849,0.00607234
7,-0.416348,-0.397063,0.00599549
8,-0.420879,-0.40004,0.00593936
9,-0.411727,-0.401338,0.00541954
10,-0.40229,-0.401434,0.00487842
