BLOCK,ACTUAL_P,P_AVE,ERROR
1,-3.634162e-01,-3.634162e-01,0.000000e+00
2,-3.899906e-01,-3.767034e-01,9.395482e-03
3,-3.952330e-01,-3.828800e-01,8.041544e-03
4,-4.037172e-01,-3.880893e-01,7.531773e-03
5,-4.020684e-01,-3.908851e-01,6.523728e-03
6,-4.086659e-01,-3.938486e-01,6.072339e-03
7,-4.163481e-01,-3.970628e-01,5.995492e-03
8,-4.208791e-01,-4.000398e-01,5.939360e-03
9,-4.117273e-01,-4.013384e-01,5.419538e-03
10,-4.022901e-01,-4.014336e-01,4.878419e-03
