BLOCK,ACTUAL_T,T_AVE,ERROR
1,0.641158,0.641158,0
2,0.588137,0.614647,0.0187459
3,0.578616,0.602637,0.0158855
4,0.573429,0.595335,0.0134884
5,0.566031,0.589474,0.0119966
6,0.566617,0.585665,0.0105847
7,0.54862,0.580373,0.0103111
8,0.558426,0.577629,0.00938003
9,0.571244,0.57692,0.0083646
10,0.578479,0.577076,0.00752959
