BLOCK,ACTUAL_T,T_AVE,ERROR
1,0.637823,0.637823,0
2,0.600104,0.618964,0.0133358
3,0.593145,0.610357,0.0113323
4,0.582275,0.603337,0.01045
5,0.583696,0.599409,0.00906829
6,0.57495,0.595332,0.00842344
7,0.562358,0.590622,0.00843506
8,0.555861,0.586277,0.00842578
9,0.568092,0.584256,0.00772804
10,0.575865,0.583417,0.00700065
