BLOCK,ACTUAL_TE,TE_AVE,ERROR
1,-5.12784,-5.12784,0
2,-5.13221,-5.13002,0.00154331
3,-5.13298,-5.13101,0.00130562
4,-5.12968,-5.13068,0.00102041
5,-5.13095,-5.13073,0.000817827
6,-5.12955,-5.13054,0.000704829
7,-5.12676,-5.13,0.000784007
8,-5.12839,-5.12979,0.000711198
9,-5.12852,-5.12965,0.000646025
10,-5.13007,-5.1297,0.000582769
