BLOCK,ACTUAL_TE,TE_AVE,ERROR
1,-5.13001,-5.13001,0
2,-5.1304,-5.1302,0.000138512
3,-5.13087,-5.13043,0.000204659
4,-5.13066,-5.13049,0.000161886
5,-5.12804,-5.13,0.000456045
6,-5.13085,-5.13014,0.000401506
7,-5.12852,-5.12991,0.000405371
8,-5.13024,-5.12995,0.000356794
9,-5.12965,-5.12992,0.000318652
10,-5.12791,-5.12972,0.000344093
