{"loss": [0.2571309804916382, 0.11201034486293793, 0.07812857627868652, 0.06241585314273834, 0.052185144275426865, 0.04321327432990074, 0.03787098079919815, 0.03202468901872635, 0.03138840198516846, 0.026969896629452705, 0.024528782814741135, 0.024580135941505432, 0.022476665675640106, 0.02143516205251217, 0.019369352608919144], "acc": [0.9247499704360962, 0.9678999781608582, 0.9764500260353088, 0.9808499813079834, 0.9839333295822144, 0.9870666861534119, 0.9883999824523926, 0.989983320236206, 0.9907500147819519, 0.9915666580200195, 0.9923499822616577, 0.9927999973297119, 0.9930999875068665, 0.9933333396911621, 0.9939833283424377], "val_loss": [0.0998554602265358, 0.08095457404851913, 0.07705453783273697, 0.06960128247737885, 0.0836525708436966, 0.08153998851776123, 0.07779634743928909, 0.0800015777349472, 0.09192686527967453, 0.08285031467676163, 0.09169352054595947, 0.08346454799175262, 0.10038145631551743, 0.10012854635715485, 0.10861406475305557], "val_acc": [0.9682000279426575, 0.9739000201225281, 0.9765999913215637, 0.9790999889373779, 0.9767000079154968, 0.9794999957084656, 0.9807000160217285, 0.9811999797821045, 0.9776999950408936, 0.9828000068664551, 0.9822999835014343, 0.9837999939918518, 0.9818000197410583, 0.9811999797821045, 0.9821000099182129]}