{"loss": [0.2561990022659302, 0.13857749104499817, 0.13204145431518555, 0.12464895099401474, 0.12743030488491058, 0.13686791062355042, 0.13932545483112335, 0.13901299238204956, 0.145982563495636, 0.14964993298053741, 0.15732441842556, 0.15893137454986572, 0.16201427578926086, 0.17447246611118317, 0.1829104870557785, 0.18404147028923035, 0.18707282841205597, 0.1782686710357666, 0.19749942421913147, 0.20985639095306396, 0.2196698784828186, 0.21462257206439972, 0.2071644812822342, 0.21012131869792938, 0.23980645835399628, 0.22282592952251434, 0.24064481258392334, 0.23878321051597595, 0.23370106518268585, 0.2379414588212967, 0.26088473200798035, 0.2595267593860626, 0.2456168383359909, 0.264350026845932, 0.25299227237701416, 0.2617856562137604, 0.2920905351638794, 0.27643126249313354, 0.29633307456970215, 0.2735062837600708, 0.29512766003608704, 0.2931971549987793, 0.3011448383331299, 0.2646617889404297, 0.32454416155815125, 0.2925786077976227, 0.3172357976436615, 0.33649230003356934, 0.3198980987071991, 0.31003108620643616, 0.32124605774879456, 0.3252643942832947, 0.3116687834262848, 0.3338111639022827, 0.30510127544403076, 0.3299590051174164, 0.3142952024936676, 0.3047409653663635, 0.34310182929039, 0.34955355525016785, 0.33472269773483276, 0.31719690561294556, 0.4109809994697571, 0.34307578206062317, 0.34830957651138306, 0.373853862285614, 0.37587258219718933, 0.40850332379341125, 0.3814959228038788, 0.35503089427948, 0.3831470012664795, 0.3505004942417145, 0.3884609043598175, 0.3737269937992096, 0.3452542722225189, 0.37070709466934204, 0.36937132477760315, 0.41782012581825256, 0.3434196710586548, 0.46377992630004883, 0.4020266532897949, 0.3647063076496124, 0.37254875898361206, 0.4079360067844391, 0.38489434123039246, 0.3835650682449341, 0.35527899861335754, 0.4691885709762573, 0.39561212062835693, 0.3857668340206146, 0.4206412732601166, 0.39151492714881897, 0.3765488862991333, 0.3997512757778168, 0.3876429498195648, 0.36786144971847534, 0.4816495180130005, 0.39956656098365784, 0.3958097994327545, 0.3971700966358185], "acc": [0.9257833361625671, 0.9664833545684814, 0.9710333347320557, 0.9743000268936157, 0.9741166830062866, 0.9752500057220459, 0.9756166934967041, 0.977233350276947, 0.976016640663147, 0.9764333367347717, 0.9756166934967041, 0.9757999777793884, 0.9763666391372681, 0.9764999747276306, 0.9738666415214539, 0.9751999974250793, 0.9747666716575623, 0.9751833081245422, 0.974399983882904, 0.9744833111763, 0.9725499749183655, 0.9728333353996277, 0.9721333384513855, 0.9737833142280579, 0.9713333249092102, 0.9732833504676819, 0.9730166792869568, 0.9730666875839233, 0.9724000096321106, 0.9732666611671448, 0.9713333249092102, 0.9721666574478149, 0.9707666635513306, 0.9707833528518677, 0.9733333587646484, 0.971750020980835, 0.9702333211898804, 0.9693499803543091, 0.9706500172615051, 0.971666693687439, 0.9706166386604309, 0.9708166718482971, 0.9714166522026062, 0.9703166484832764, 0.9705166816711426, 0.9714000225067139, 0.9698333144187927, 0.9694499969482422, 0.9704499840736389, 0.9712666869163513, 0.9698166847229004, 0.969083309173584, 0.9697166681289673, 0.9676666855812073, 0.9696833491325378, 0.97079998254776, 0.9698833227157593, 0.9704499840736389, 0.9690499901771545, 0.9692333340644836, 0.9676833152770996, 0.9693499803543091, 0.9678000211715698, 0.9675833582878113, 0.967199981212616, 0.9674666523933411, 0.966616690158844, 0.9638833403587341, 0.9626666903495789, 0.9666000008583069, 0.9643833041191101, 0.9667166471481323, 0.966949999332428, 0.9657333493232727, 0.9685666561126709, 0.9688166379928589, 0.9665499925613403, 0.9652833342552185, 0.9653499722480774, 0.9624333381652832, 0.9650166630744934, 0.9660833477973938, 0.9657166600227356, 0.9652000069618225, 0.963616669178009, 0.9645166397094727, 0.9679499864578247, 0.9636833071708679, 0.9640499949455261, 0.9663833379745483, 0.9652166962623596, 0.965583324432373, 0.966866672039032, 0.967033326625824, 0.9671333432197571, 0.9652666449546814, 0.9614499807357788, 0.9644166827201843, 0.9639999866485596, 0.9616166949272156], "val_loss": [0.12138277292251587, 0.1356385052204132, 0.12411517649888992, 0.1230437383055687, 0.16354192793369293, 0.1875348687171936, 0.19184181094169617, 0.18830150365829468, 0.18204686045646667, 0.195256769657135, 0.22450906038284302, 0.25035226345062256, 0.2578514516353607, 0.26058220863342285, 0.2651609182357788, 0.29851433634757996, 0.335982084274292, 0.3156687617301941, 0.3835660517215729, 0.4251689314842224, 0.35075074434280396, 0.4540991187095642, 0.39860275387763977, 0.36963650584220886, 0.48871952295303345, 0.47115790843963623, 0.5328397154808044, 0.4495724141597748, 0.5292327404022217, 0.4814525842666626, 0.5238502621650696, 0.5079585313796997, 0.5206313729286194, 0.7209197878837585, 0.5650937557220459, 0.6826149821281433, 0.5682089328765869, 0.7460210919380188, 0.6125887632369995, 0.614197313785553, 0.6000365614891052, 0.7243184447288513, 0.7021334767341614, 0.6463721990585327, 0.6189476251602173, 0.6206037402153015, 0.7841612696647644, 0.7029889822006226, 0.7425082325935364, 0.7994945645332336, 0.7620317339897156, 0.7681879997253418, 0.883419930934906, 0.8299745321273804, 0.8929625749588013, 0.7369483709335327, 1.050835132598877, 1.0427300930023193, 0.8520363569259644, 0.8736041784286499, 0.8776831030845642, 0.9898080825805664, 1.0123549699783325, 1.035764217376709, 0.9305476546287537, 0.7703326940536499, 1.0305426120758057, 0.9859669804573059, 1.004571795463562, 0.9811323285102844, 0.9317550659179688, 1.0879021883010864, 1.0255398750305176, 0.9337217807769775, 1.1862379312515259, 1.3640888929367065, 1.115129828453064, 1.0554158687591553, 1.2178964614868164, 1.108256459236145, 1.1270207166671753, 1.2172644138336182, 1.197932243347168, 1.1074376106262207, 1.2038166522979736, 1.1969980001449585, 1.4471184015274048, 1.0998599529266357, 1.1426174640655518, 1.2391459941864014, 1.0563713312149048, 1.2667498588562012, 1.1353181600570679, 1.656741738319397, 1.250947117805481, 1.2819607257843018, 1.3634943962097168, 0.9859154224395752, 1.3728972673416138, 1.4581364393234253],