{"loss": [0.7096391916275024, 0.3600083291530609, 0.2920733392238617, 0.249896839261055, 0.22107228636741638, 0.19713369011878967, 0.1782539337873459, 0.1651533842086792, 0.1507970243692398, 0.1387910544872284, 0.1297498494386673, 0.12309812754392624, 0.11314695328474045, 0.10600132495164871, 0.10254201292991638], "acc": [0.7923833131790161, 0.897599995136261, 0.916616678237915, 0.9276333451271057, 0.9369166493415833, 0.9434166550636292, 0.9491666555404663, 0.9524166584014893, 0.956333339214325, 0.960183322429657, 0.9627666473388672, 0.9650999903678894, 0.9673500061035156, 0.9693833589553833, 0.9705833196640015], "val_loss": [0.30723807215690613, 0.2402447760105133, 0.19856609404087067, 0.17194488644599915, 0.1571076214313507, 0.14134573936462402, 0.12845584750175476, 0.11984770745038986, 0.11065594851970673, 0.10533065348863602, 0.1014631986618042, 0.09558620303869247, 0.09140711277723312, 0.08810640126466751, 0.08580637723207474], "val_acc": [0.9139999747276306, 0.9297000169754028, 0.9406999945640564, 0.9488999843597412, 0.9524000287055969, 0.9567999839782715, 0.9599999785423279, 0.9629999995231628, 0.9663000106811523, 0.9679999947547913, 0.968500018119812, 0.9703999757766724, 0.9717000126838684, 0.9731000065803528, 0.9732999801635742]}