{"loss": [0.26053357124328613, 0.14481772482395172, 0.1379294991493225, 0.13451127707958221, 0.13229365646839142, 0.13632431626319885, 0.1424923539161682, 0.1642768681049347, 0.16032174229621887, 0.15654775500297546, 0.1639840304851532, 0.16485632956027985, 0.16203367710113525, 0.17748989164829254, 0.18672382831573486, 0.1710711121559143, 0.19077910482883453, 0.18550987541675568, 0.2003820836544037, 0.18908871710300446, 0.21276333928108215, 0.20340029895305634, 0.21361498534679413, 0.23329150676727295, 0.23042824864387512, 0.23764027655124664, 0.2202518731355667, 0.23870378732681274, 0.233366459608078, 0.2522675395011902, 0.24185261130332947, 0.2561264932155609, 0.24365364015102386, 0.26176831126213074, 0.26814088225364685, 0.26119938492774963, 0.25758805871009827, 0.2538566291332245, 0.2985747456550598, 0.2833256423473358, 0.2961489260196686, 0.30829477310180664, 0.2811092138290405, 0.2706574499607086, 0.3017001748085022, 0.3074115216732025, 0.27799758315086365, 0.3112248480319977, 0.32138970494270325, 0.31100979447364807, 0.3549768626689911, 0.3755446672439575, 0.3896307945251465, 0.3255438208580017, 0.332165002822876, 0.35184672474861145, 0.3438602089881897, 0.3402078449726105, 0.3459342122077942, 0.3336900770664215, 0.3262174725532532, 0.3808826804161072, 0.347273588180542, 0.35713085532188416, 0.37146949768066406, 0.3960132300853729, 0.36297065019607544, 0.35925206542015076, 0.3847951591014862, 0.38591960072517395, 0.35062628984451294, 0.384207546710968, 0.38308653235435486, 0.42345717549324036, 0.37669551372528076, 0.3825029730796814, 0.421215295791626, 0.42647692561149597, 0.4169926345348358, 0.40819063782691956, 0.3449212610721588, 0.39505425095558167, 0.4363168478012085, 0.42209017276763916, 0.4188883602619171, 0.4161493480205536, 0.4744381904602051, 0.43501102924346924, 0.4287813603878021, 0.42528727650642395, 0.46160149574279785, 0.42174917459487915, 0.45721468329429626, 0.4297792613506317, 0.3747185170650482, 0.45762839913368225, 0.4321981966495514, 0.45230546593666077, 0.40984275937080383, 0.40712329745292664], "acc": [0.9243333339691162, 0.9647833108901978, 0.9701666831970215, 0.9724500179290771, 0.9741833209991455, 0.9747166633605957, 0.9747999906539917, 0.9743666648864746, 0.9753333330154419, 0.9747499823570251, 0.975683331489563, 0.9747833609580994, 0.9750499725341797, 0.9763833284378052, 0.9739000201225281, 0.9749000072479248, 0.9748333096504211, 0.9751333594322205, 0.9737666845321655, 0.975849986076355, 0.9744166731834412, 0.9748833179473877, 0.9757500290870667, 0.9726333618164062, 0.9733166694641113, 0.972516655921936, 0.9732833504676819, 0.9710833430290222, 0.9735000133514404, 0.9722999930381775, 0.9738166928291321, 0.9726999998092651, 0.9726499915122986, 0.9705166816711426, 0.9723333120346069, 0.9724166393280029, 0.9723833203315735, 0.9724833369255066, 0.9704499840736389, 0.9707666635513306, 0.9713666439056396, 0.9730666875839233, 0.9703500270843506, 0.9709333181381226, 0.9691166877746582, 0.9708333611488342, 0.9723833203315735, 0.9695833325386047, 0.9675999879837036, 0.9678166508674622, 0.9657666683197021, 0.9647166728973389, 0.9652166962623596, 0.9671666622161865, 0.9685666561126709, 0.9664333462715149, 0.9675999879837036, 0.9642999768257141, 0.9670833349227905, 0.9704833626747131, 0.9692833423614502, 0.9656833410263062, 0.9659833312034607, 0.9642333388328552, 0.9632333517074585, 0.9627666473388672, 0.9629999995231628, 0.9617999792098999, 0.9656999707221985, 0.9645000100135803, 0.9631999731063843, 0.964033305644989, 0.9660000205039978, 0.9607666730880737, 0.9636333584785461, 0.9623166918754578, 0.9614666700363159, 0.9625333547592163, 0.9645500183105469, 0.9623000025749207, 0.9622666835784912, 0.9611499905586243, 0.9622666835784912, 0.9611333608627319, 0.958133339881897, 0.960433304309845, 0.9573000073432922, 0.9596666693687439, 0.9614999890327454, 0.9605166912078857, 0.9553499817848206, 0.9621166586875916, 0.9593666791915894, 0.958216667175293, 0.9631833434104919, 0.9621999859809875, 0.9578666687011719, 0.9617999792098999, 0.9601166844367981, 0.9611166715621948], "val_loss": [0.13312801718711853, 0.12915436923503876, 0.12673360109329224, 0.14975889027118683, 0.15444007515907288, 0.2509176433086395, 0.18346716463565826, 0.18265627324581146, 0.172423854470253, 0.2055078148841858, 0.22176331281661987, 0.2467803955078125, 0.2604340612888336, 0.2481878697872162, 0.271458238363266, 0.3468615412712097, 0.2987324893474579, 0.3264525532722473, 0.39043399691581726, 0.4080289304256439, 0.3354896306991577, 0.40226688981056213, 0.4159146547317505, 0.39491647481918335, 0.45978784561157227, 0.4371017515659332, 0.5595989227294922, 0.5459083318710327, 0.5105260014533997, 0.5220943093299866, 0.5482759475708008, 0.465497225522995, 0.5255024433135986, 0.5167309045791626, 0.553901731967926, 0.6553777456283569, 0.6080769300460815, 0.5725179314613342, 0.6368096470832825, 0.5910260081291199, 0.5426943898200989, 0.5770102739334106, 0.6684693098068237, 0.5366109013557434, 0.8416324257850647, 0.7267767190933228, 0.8610703945159912, 0.8531398177146912, 0.7129107117652893, 0.7121207118034363, 0.7381611466407776, 0.8194073438644409, 0.7932047247886658, 0.7851515412330627, 0.954917311668396, 0.9041889905929565, 0.7941828370094299, 0.720442533493042, 0.7592315077781677, 0.8250672817230225, 1.144590139389038, 0.753684401512146, 0.9568839073181152, 0.7804931402206421, 0.9611371159553528, 0.9578995108604431, 0.9600871205329895, 1.036578893661499, 1.012722373008728, 0.960756242275238, 1.1977483034133911, 1.1045485734939575, 1.0251202583312988, 1.1093730926513672, 1.1108636856079102, 1.0284475088119507, 1.0954927206039429, 1.0856194496154785, 1.2868168354034424, 1.2135164737701416, 1.4030197858810425, 1.2277426719665527, 1.2634860277175903, 1.271291971206665, 1.290246844291687, 1.277725338935852, 1.088442325592041, 1.239182472229004, 1.240535020828247, 1.2582083940505981, 1.2375338077545166, 1.306522250175476, 1.568804383277893, 1.2139619588851929, 1.4269212484359741, 1.2261021137237549, 1.4498087167739868, 1.4184898138046265, 1.2941964864730835, 1.341561198234558],