{"loss": [0.26174771785736084, 0.11365146934986115, 0.07879309356212616, 0.06377391517162323, 0.052275072783231735, 0.04225539416074753, 0.03915714472532272, 0.03355048596858978, 0.031219054013490677, 0.02530382201075554, 0.027280215173959732, 0.02218172885477543, 0.02296767756342888, 0.022158455103635788, 0.020574398338794708, 0.019057758152484894, 0.016604498028755188, 0.01641116477549076, 0.018767669796943665, 0.01603267528116703, 0.015930810943245888, 0.014844758436083794, 0.016536036506295204, 0.013049010187387466, 0.016596071422100067, 0.014549141749739647, 0.011847290210425854, 0.013091415166854858, 0.013247142545878887, 0.015095316804945469, 0.012228783220052719, 0.014663697220385075, 0.012668358162045479, 0.012592406943440437, 0.011576930992305279, 0.011649358086287975, 0.010242593474686146, 0.01304588746279478, 0.011497082188725471, 0.010475852526724339, 0.013641497120261192, 0.011429746635258198, 0.012404615990817547, 0.009779633022844791, 0.013055449351668358, 0.01095752976834774, 0.011514522135257721, 0.012344772927463055, 0.011253280565142632, 0.011273105628788471, 0.011569630354642868, 0.008922773413360119, 0.009798914194107056, 0.009333936497569084, 0.007474443409591913, 0.011407976970076561, 0.008126174099743366, 0.011156206019222736, 0.007850379683077335, 0.010195700451731682, 0.01094157062470913, 0.010421068407595158, 0.008730503730475903, 0.009342115372419357, 0.009109247475862503, 0.0091120395809412, 0.008785921148955822, 0.009473102167248726, 0.0106881158426404, 0.007602976635098457, 0.008171173743903637, 0.010263137519359589, 0.007467071060091257, 0.012679624371230602, 0.009375312365591526, 0.01142437569797039, 0.009775490500032902, 0.010939206928014755, 0.00597568042576313, 0.008930381387472153, 0.010513896122574806, 0.00738882040604949, 0.008642331697046757, 0.009231232106685638, 0.00838184729218483, 0.008472282439470291, 0.007739176042377949, 0.006476895418018103, 0.008758090436458588, 0.009423015639185905, 0.00580403208732605, 0.00909136701375246, 0.00832225289195776, 0.010573187842965126, 0.007764766458421946, 0.008945196866989136, 0.01191182155162096, 0.00891832448542118, 0.010151630267500877, 0.007472220342606306], "acc": [0.9229666590690613, 0.9660666584968567, 0.9763333201408386, 0.9803833365440369, 0.9847833514213562, 0.9866833090782166, 0.9883000254631042, 0.9894000291824341, 0.9905499815940857, 0.9923999905586243, 0.9913666844367981, 0.9935166835784912, 0.9931166768074036, 0.9931333065032959, 0.9939833283424377, 0.9944833517074585, 0.9950500130653381, 0.9950500130653381, 0.9948333501815796, 0.9952499866485596, 0.9953166842460632, 0.9957500100135803, 0.9957333207130432, 0.9964500069618225, 0.9955666661262512, 0.9959499835968018, 0.9968000054359436, 0.9965500235557556, 0.9967333078384399, 0.9962833523750305, 0.9968666434288025, 0.996233344078064, 0.996833324432373, 0.9968833327293396, 0.9969499707221985, 0.996833324432373, 0.9973999857902527, 0.9967666864395142, 0.9974499940872192, 0.9975500106811523, 0.9971333146095276, 0.9970999956130981, 0.996999979019165, 0.9973833560943604, 0.9969499707221985, 0.9976833462715149, 0.9973666667938232, 0.9971333146095276, 0.9975000023841858, 0.9974333047866821, 0.9974499940872192, 0.9978333115577698, 0.9977999925613403, 0.9980166554450989, 0.9983000159263611, 0.9975000023841858, 0.9982333183288574, 0.9977166652679443, 0.998116672039032, 0.9978833198547363, 0.9977166652679443, 0.9979666471481323, 0.998199999332428, 0.998283326625824, 0.99795001745224, 0.997866690158844, 0.9980666637420654, 0.9979833364486694, 0.99795001745224, 0.99836665391922, 0.9980499744415283, 0.9978833198547363, 0.9984666705131531, 0.997783362865448, 0.9980166554450989, 0.9981333613395691, 0.9981499910354614, 0.9981333613395691, 0.9986166954040527, 0.9981666803359985, 0.9981499910354614, 0.9985499978065491, 0.9983500242233276, 0.9984833598136902, 0.998116672039032, 0.9981666803359985, 0.998449981212616, 0.9987166523933411, 0.9984333515167236, 0.9981499910354614, 0.9988499879837036, 0.9984166622161865, 0.9985166788101196, 0.99836665391922, 0.9985499978065491, 0.9986666440963745, 0.9981666803359985, 0.9984833598136902, 0.99836665391922, 0.99836665391922], "val_loss": [0.10929518193006516, 0.10181643068790436, 0.08866990357637405, 0.0715738907456398, 0.07870502024888992, 0.08902517706155777, 0.08951286226511002, 0.08057150989770889, 0.102536141872406, 0.0855102688074112, 0.0815545842051506, 0.10568404197692871, 0.09450268745422363, 0.10922600328922272, 0.10381529480218887, 0.10394944995641708, 0.11910877376794815, 0.12335140258073807, 0.1156327873468399, 0.1362067312002182, 0.11901597678661346, 0.11559782922267914, 0.1144474521279335, 0.12640391290187836, 0.13022014498710632, 0.15314243733882904, 0.14411991834640503, 0.15035250782966614, 0.14937636256217957, 0.1488783210515976, 0.17174185812473297, 0.13727405667304993, 0.14550109207630157, 0.15997757017612457, 0.15569698810577393, 0.19041068851947784, 0.18770939111709595, 0.18138165771961212, 0.18998371064662933, 0.18650038540363312, 0.17191453278064728, 0.18043744564056396, 0.18104057013988495, 0.17936500906944275, 0.18835505843162537, 0.2057681828737259, 0.20899520814418793, 0.23074451088905334, 0.20062652230262756, 0.19359536468982697, 0.16602541506290436, 0.20963437855243683, 0.22128452360630035, 0.2471112310886383, 0.2353413999080658, 0.21488657593727112, 0.20574785768985748, 0.21847915649414062, 0.2711947560310364, 0.22266565263271332, 0.2031206488609314, 0.20526643097400665, 0.2263653576374054, 0.22555652260780334, 0.22651474177837372, 0.21672244369983673, 0.21842649579048157, 0.24729907512664795, 0.2868005335330963, 0.23115646839141846, 0.2296699434518814, 0.28176194429397583, 0.2649374306201935, 0.2584313154220581, 0.2849379777908325, 0.25267860293388367, 0.2945626378059387, 0.2775993049144745, 0.30307918787002563, 0.26912721991539, 0.2515657842159271, 0.277438759803772, 0.24414819478988647, 0.23489990830421448, 0.3223769962787628, 0.34867724776268005, 0.2873826324939728, 0.3303700089454651, 0.3037568926811218, 0.28611207008361816, 0.2964164912700653, 0.2629815936088562, 0.2887132465839386, 0.2776796519756317, 0.29283779859542847, 0.3154382109642029, 0.3249192237854004, 0.35458582639694214, 0.3164037764072418, 0.32295724749565125],