{"loss": [1.2273567914962769, 0.6402341723442078, 0.5240550637245178, 0.4677140414714813, 0.431295245885849, 0.40415501594543457, 0.38319554924964905, 0.36481037735939026, 0.35272398591041565, 0.339509516954422, 0.32819265127182007, 0.31926098465919495, 0.3085170388221741, 0.30189162492752075, 0.2944776117801666, 0.2883434295654297, 0.2809338867664337, 0.2777542769908905, 0.26913776993751526, 0.2659277021884918, 0.26045122742652893, 0.25581446290016174, 0.2533743977546692, 0.24836239218711853, 0.24585483968257904, 0.23964522778987885, 0.23943710327148438, 0.23424407839775085, 0.23052150011062622, 0.22901947796344757, 0.22513243556022644, 0.22287920117378235, 0.21845173835754395, 0.21851545572280884, 0.21348462998867035, 0.21211329102516174, 0.20954181253910065, 0.2057971954345703, 0.20500548183918, 0.20300692319869995, 0.20078229904174805, 0.20045146346092224, 0.1943473070859909, 0.19580332934856415, 0.19394102692604065, 0.19210165739059448, 0.1895567923784256, 0.18799979984760284, 0.18813475966453552, 0.18383322656154633, 0.1821206510066986, 0.18236005306243896, 0.1821981966495514, 0.17995867133140564, 0.17730306088924408, 0.17509444057941437, 0.17532776296138763, 0.1727968156337738, 0.171922966837883, 0.1699712574481964, 0.16876552999019623, 0.1674579232931137, 0.16758355498313904, 0.16618162393569946, 0.16440965235233307, 0.1624882072210312, 0.1599973738193512, 0.16160282492637634, 0.1595308482646942, 0.1576613336801529, 0.159652978181839, 0.15474942326545715, 0.15386252105236053, 0.153278186917305, 0.1535165011882782, 0.1514502465724945, 0.1519835740327835, 0.15032276511192322, 0.15024027228355408, 0.1469048410654068, 0.14748015999794006, 0.14745725691318512, 0.14673957228660583, 0.14534150063991547, 0.14401045441627502, 0.14290770888328552, 0.14368784427642822, 0.14307047426700592, 0.14067716896533966, 0.13963069021701813, 0.1407729536294937, 0.13977999985218048, 0.13909614086151123, 0.13800331950187683, 0.1396540403366089, 0.1362069845199585, 0.13531750440597534, 0.13480623066425323, 0.13507790863513947, 0.13438786566257477], "acc": [0.6480666399002075, 0.816349983215332, 0.8500999808311462, 0.8677833080291748, 0.8784999847412109, 0.8861666917800903, 0.8916166424751282, 0.8977333307266235, 0.9010499715805054, 0.9043166637420654, 0.9072333574295044, 0.9108166694641113, 0.9142833352088928, 0.9144499897956848, 0.916700005531311, 0.9201833605766296, 0.9205833077430725, 0.9220499992370605, 0.9245666861534119, 0.9247333407402039, 0.9258166551589966, 0.9279333353042603, 0.9288833141326904, 0.930649995803833, 0.9317499995231628, 0.9333333373069763, 0.9329666495323181, 0.9341166615486145, 0.9358166456222534, 0.9344499707221985, 0.937250018119812, 0.9382333159446716, 0.9395999908447266, 0.9392499923706055, 0.9404833316802979, 0.9405666589736938, 0.9401666522026062, 0.9430833458900452, 0.9424499869346619, 0.9442499876022339, 0.9435833096504211, 0.9433000087738037, 0.9455166459083557, 0.9454833269119263, 0.9456999897956848, 0.9461666941642761, 0.9471499919891357, 0.9476000070571899, 0.9471833109855652, 0.9482499957084656, 0.949566662311554, 0.9491333365440369, 0.9480833411216736, 0.949316680431366, 0.9506666660308838, 0.9507499933242798, 0.9498666524887085, 0.9506666660308838, 0.9521999955177307, 0.9529500007629395, 0.9524333477020264, 0.9532833099365234, 0.9535833597183228, 0.9536666870117188, 0.9545000195503235, 0.9543833136558533, 0.9546833038330078, 0.9546166658401489, 0.955133318901062, 0.9555833339691162, 0.9552000164985657, 0.9571666717529297, 0.9573333263397217, 0.9572499990463257, 0.9570666551589966, 0.9570000171661377, 0.9578999876976013, 0.9581166505813599, 0.9581000208854675, 0.9591166377067566, 0.9583666920661926, 0.9579499959945679, 0.959850013256073, 0.9601500034332275, 0.9597833156585693, 0.9600499868392944, 0.9594166874885559, 0.9599999785423279, 0.9604666829109192, 0.9613833427429199, 0.9599166512489319, 0.9610833525657654, 0.9606166481971741, 0.9615833163261414, 0.9611833095550537, 0.9610999822616577, 0.9624999761581421, 0.9619666934013367, 0.9620166420936584, 0.9620500206947327], "val_loss": [0.587026059627533, 0.41920551657676697, 0.3585965931415558, 0.325471431016922, 0.30332568287849426, 0.2861456573009491, 0.27197566628456116, 0.26089686155319214, 0.2520412504673004, 0.24421188235282898, 0.2365957796573639, 0.23027092218399048, 0.2242749035358429, 0.21897634863853455, 0.21454939246177673, 0.20970015227794647, 0.20536667108535767, 0.20186316967010498, 0.1984717696905136, 0.1948876827955246, 0.19149848818778992, 0.18834708631038666, 0.1855294108390808, 0.18263845145702362, 0.17991608381271362, 0.17742721736431122, 0.1748885065317154, 0.1724584549665451, 0.17040051519870758, 0.1682857871055603, 0.16640861332416534, 0.16454464197158813, 0.16286136209964752, 0.16081807017326355, 0.15902367234230042, 0.15725362300872803, 0.15548007190227509, 0.15390545129776, 0.1522991806268692, 0.1508251577615738, 0.14953960478305817, 0.1484462171792984, 0.14692498743534088, 0.14547164738178253, 0.14428526163101196, 0.1430421769618988, 0.14188900589942932, 0.14100588858127594, 0.1396532654762268, 0.1384362131357193, 0.13752824068069458, 0.1365283876657486, 0.1352996528148651, 0.1346256285905838, 0.1335046887397766, 0.13262557983398438, 0.13178186118602753, 0.1308460235595703, 0.12997211515903473, 0.12930940091609955, 0.12869176268577576, 0.12762746214866638, 0.12687483429908752, 0.12616857886314392, 0.12529239058494568, 0.12471822649240494, 0.12387391179800034, 0.1231522485613823, 0.12250201404094696, 0.12171878665685654, 0.12110970169305801, 0.1204116940498352, 0.11985587328672409, 0.11936379224061966, 0.11860951036214828, 0.11801555007696152, 0.11751070618629456, 0.11686795949935913, 0.1163170263171196, 0.1154797151684761, 0.11519209295511246, 0.11454306542873383, 0.11396355926990509, 0.11357023566961288, 0.11292784661054611, 0.11244920641183853, 0.11205229163169861, 0.11149174720048904, 0.111030712723732, 0.11037898063659668, 0.10989540815353394, 0.10934698581695557, 0.10919449478387833, 0.10859448462724686, 0.10813307017087936, 0.10770999640226364, 0.10727156698703766, 0.10691080242395401, 0.10658805817365646, 0.10617080330848694],