{"loss": [0.25585129857063293, 0.10851452499628067, 0.07726867496967316, 0.05941525846719742, 0.05039771646261215, 0.04165416210889816, 0.03761781007051468, 0.032763026654720306, 0.03240388631820679, 0.026036836206912994, 0.025279110297560692, 0.02415977418422699, 0.020479222759604454, 0.02046971581876278, 0.019304348155856133, 0.018919687718153, 0.021709881722927094, 0.01615116000175476, 0.015819001942873, 0.016453299671411514, 0.017317041754722595, 0.015178177505731583, 0.014985243789851665, 0.015958432108163834, 0.014127260074019432, 0.014327618293464184, 0.012653185054659843, 0.014789759181439877, 0.013936769217252731, 0.014122390188276768, 0.0139352111145854, 0.012320335954427719, 0.012565428391098976, 0.01319055911153555, 0.01137270126491785, 0.011743787676095963, 0.013090641237795353, 0.01261752936989069, 0.00957520306110382, 0.014699089340865612, 0.010485644452273846, 0.013316960074007511, 0.008723367936909199, 0.011943020857870579, 0.00913420133292675, 0.010224955156445503, 0.012384324334561825, 0.00949584785848856, 0.014099875465035439, 0.009911054745316505, 0.014955497346818447, 0.008450710214674473, 0.00861551333218813, 0.010683348402380943, 0.011304858140647411, 0.007303741294890642, 0.011485167779028416, 0.00952735636383295, 0.01127636432647705, 0.00983426533639431, 0.010110797360539436, 0.009629666805267334, 0.008045749738812447, 0.009674604050815105, 0.010119562968611717, 0.011849813163280487, 0.012286929413676262, 0.009218678809702396, 0.007814239710569382, 0.010748385451734066, 0.0082186758518219, 0.009099551476538181, 0.006290778983384371, 0.01168981846421957, 0.010731338523328304, 0.006690566428005695, 0.012733654119074345, 0.009524467401206493, 0.008495223708450794, 0.010789287276566029, 0.01080433651804924, 0.00850512832403183, 0.009561080485582352, 0.008935855701565742, 0.009145937860012054, 0.010023852810263634, 0.010106789879500866, 0.009541659615933895, 0.009049973450601101, 0.012973064556717873, 0.006683037616312504, 0.006294798571616411, 0.007472321391105652, 0.008120913058519363, 0.013158640824258327, 0.00833826418966055, 0.006212445441633463, 0.010491951368749142, 0.007369182538241148, 0.007900306954979897], "acc": [0.9247999787330627, 0.9680833220481873, 0.9770166873931885, 0.9821666479110718, 0.9846166372299194, 0.987416684627533, 0.9883333444595337, 0.989883303642273, 0.9905499815940857, 0.9917833209037781, 0.9923999905586243, 0.9927666783332825, 0.9937000274658203, 0.9939833283424377, 0.9939333200454712, 0.9945166707038879, 0.9935333132743835, 0.9956833124160767, 0.9953500032424927, 0.9953833222389221, 0.9951333403587341, 0.9959333539009094, 0.9956833124160767, 0.9952666759490967, 0.9962166547775269, 0.9962999820709229, 0.9965000152587891, 0.9959333539009094, 0.9960833191871643, 0.996399998664856, 0.9960833191871643, 0.996749997138977, 0.9969333410263062, 0.9966166615486145, 0.9974166750907898, 0.9972666501998901, 0.9969000220298767, 0.9968166947364807, 0.9974333047866821, 0.9964500069618225, 0.997083306312561, 0.9969000220298767, 0.9978166818618774, 0.9970999956130981, 0.9975333213806152, 0.997783362865448, 0.9970666766166687, 0.9976833462715149, 0.9971500039100647, 0.9976500272750854, 0.9972000122070312, 0.9980000257492065, 0.9979166388511658, 0.9975000023841858, 0.9975333213806152, 0.9980999827384949, 0.9974166750907898, 0.9981499910354614, 0.9976333379745483, 0.9980833530426025, 0.9975333213806152, 0.9978500008583069, 0.9979833364486694, 0.9981499910354614, 0.9980999827384949, 0.9977999925613403, 0.9979166388511658, 0.9980666637420654, 0.9982333183288574, 0.9976833462715149, 0.9980666637420654, 0.9980833530426025, 0.9987000226974487, 0.9980166554450989, 0.9978833198547363, 0.998533308506012, 0.9978833198547363, 0.9981499910354614, 0.9983333349227905, 0.9978833198547363, 0.9978500008583069, 0.9983999729156494, 0.9981833100318909, 0.9984333515167236, 0.9982166886329651, 0.998199999332428, 0.998116672039032, 0.9984166622161865, 0.9984166622161865, 0.9977166652679443, 0.9986833333969116, 0.9986666440963745, 0.998533308506012, 0.9984999895095825, 0.997866690158844, 0.9985833168029785, 0.9987333416938782, 0.9982500076293945, 0.9984833598136902, 0.9985499978065491], "val_loss": [0.10090144723653793, 0.08332416415214539, 0.08657915145158768, 0.08949960768222809, 0.0718555822968483, 0.08369074016809464, 0.09016299247741699, 0.09908376634120941, 0.07893911004066467, 0.09627743810415268, 0.10246385633945465, 0.09980795532464981, 0.09968622773885727, 0.10237081348896027, 0.10846778750419617, 0.10782192647457123, 0.10957846790552139, 0.11234305053949356, 0.13794152438640594, 0.14242276549339294, 0.14028258621692657, 0.1442946493625641, 0.16384273767471313, 0.14358854293823242, 0.15779872238636017, 0.1565566211938858, 0.15629756450653076, 0.15454494953155518, 0.1497962325811386, 0.17584823071956635, 0.15720652043819427, 0.14138513803482056, 0.1494261622428894, 0.16030769050121307, 0.1792742908000946, 0.1866643726825714, 0.1719345599412918, 0.1939105987548828, 0.18210045993328094, 0.1806783229112625, 0.23058205842971802, 0.19655579328536987, 0.22282953560352325, 0.2015272080898285, 0.18435285985469818, 0.18798460066318512, 0.21100246906280518, 0.20729130506515503, 0.18372920155525208, 0.2238164097070694, 0.20232732594013214, 0.19001486897468567, 0.23660056293010712, 0.2635080814361572, 0.2123563438653946, 0.265327125787735, 0.23314274847507477, 0.2569255530834198, 0.22856435179710388, 0.23809336125850677, 0.2877298593521118, 0.226484015583992, 0.24883300065994263, 0.2175559550523758, 0.25021788477897644, 0.27772587537765503, 0.2643149793148041, 0.2879069149494171, 0.28444555401802063, 0.2422361820936203, 0.2354932576417923, 0.2679688334465027, 0.276216983795166, 0.23684604465961456, 0.26019465923309326, 0.25714200735092163, 0.29977232217788696, 0.292028546333313, 0.28397127985954285, 0.2815806269645691, 0.3458077609539032, 0.28044363856315613, 0.26224982738494873, 0.28814876079559326, 0.3019523024559021, 0.2978231608867645, 0.3588566780090332, 0.3171578347682953, 0.3215636610984802, 0.31594157218933105, 0.32620933651924133, 0.3482968509197235, 0.3362584114074707, 0.40730714797973633, 0.336414635181427, 0.32153141498565674, 0.3748302459716797, 0.3445693254470825, 0.3207976222038269, 0.31084683537483215],