{"loss": [1.290531873703003, 0.6694334149360657, 0.5416812896728516, 0.4766227900981903, 0.4359661638736725, 0.40645328164100647, 0.3849382698535919, 0.3658370077610016, 0.3520972430706024, 0.33981701731681824, 0.32830697298049927, 0.3164227306842804, 0.3093407154083252, 0.3023519217967987, 0.2926879823207855], "acc": [0.6263666749000549, 0.8109666705131531, 0.8460000157356262, 0.8659999966621399, 0.8772666454315186, 0.8853833079338074, 0.8904333114624023, 0.8966500163078308, 0.9005333185195923, 0.904116690158844, 0.90829998254776, 0.9122166633605957, 0.9129666686058044, 0.9150500297546387, 0.9175666570663452], "val_loss": [0.6179956197738647, 0.42819374799728394, 0.36316365003585815, 0.32722237706184387, 0.30446991324424744, 0.2866549789905548, 0.2722615897655487, 0.2604592442512512, 0.25129905343055725, 0.24249286949634552, 0.2352701872587204, 0.2287573218345642, 0.2227378487586975, 0.2176743596792221, 0.21233415603637695], "val_acc": [0.866100013256073, 0.895799994468689, 0.9064000248908997, 0.9143999814987183, 0.9192000031471252, 0.9225000143051147, 0.9258000254631042, 0.9282000064849854, 0.9298999905586243, 0.9323999881744385, 0.934499979019165, 0.9359999895095825, 0.9381999969482422, 0.9387999773025513, 0.9408000111579895]}