{"loss": [0.2576005756855011, 0.11219599097967148, 0.07958047091960907, 0.06312815099954605, 0.052237555384635925, 0.041719697415828705, 0.03779245913028717, 0.03358481079339981, 0.031368695199489594, 0.0259759109467268, 0.027216263115406036, 0.02254422940313816, 0.022676393389701843, 0.0201170202344656, 0.018118035048246384], "acc": [0.9233499765396118, 0.9666333198547363, 0.9764166474342346, 0.9809499979019165, 0.9843999743461609, 0.9870333075523376, 0.9878833293914795, 0.9901333451271057, 0.9902166724205017, 0.9923499822616577, 0.9916666746139526, 0.992983341217041, 0.9930999875068665, 0.9937166571617126, 0.9944000244140625], "val_loss": [0.12475776672363281, 0.09686991572380066, 0.07352567464113235, 0.08024825155735016, 0.07782823592424393, 0.0766592025756836, 0.09346593916416168, 0.08513452857732773, 0.08701477944850922, 0.08888126909732819, 0.10644791275262833, 0.11763876676559448, 0.1072445660829544, 0.10927922278642654, 0.11851777136325836], "val_acc": [0.960099995136261, 0.9686999917030334, 0.9775999784469604, 0.9772999882698059, 0.9779999852180481, 0.9794999957084656, 0.9785000085830688, 0.9803000092506409, 0.9781000018119812, 0.9807999730110168, 0.980400025844574, 0.9782000184059143, 0.9803000092506409, 0.9790999889373779, 0.9807999730110168]}