{"loss": [1.277920126914978, 0.6702367067337036, 0.5387834310531616, 0.47403281927108765, 0.4313167631626129, 0.4025016725063324, 0.38110771775245667, 0.36341214179992676, 0.34855207800865173, 0.3363766074180603, 0.32626357674598694, 0.3149610757827759, 0.30811822414398193, 0.3008369207382202, 0.29478010535240173, 0.28660017251968384, 0.27939921617507935, 0.2737383246421814, 0.2694658935070038, 0.2611311078071594, 0.26010391116142273, 0.2555803954601288, 0.24924348294734955, 0.2474159449338913, 0.24278110265731812, 0.2383754402399063, 0.23687808215618134, 0.2315976917743683, 0.23026995360851288, 0.22628024220466614, 0.22404509782791138, 0.22056376934051514, 0.21913497149944305, 0.21474212408065796, 0.21515512466430664, 0.21072527766227722, 0.20881980657577515, 0.20568865537643433, 0.20245394110679626, 0.20144367218017578, 0.19773411750793457, 0.19852498173713684, 0.19504722952842712, 0.19276019930839539, 0.19161508977413177, 0.19347400963306427, 0.19021010398864746, 0.18775326013565063, 0.18640124797821045, 0.1830882579088211, 0.18207278847694397, 0.17991891503334045, 0.1796431988477707, 0.1784510314464569, 0.17523206770420074, 0.1746765673160553, 0.17291560769081116, 0.17291994392871857, 0.17279689013957977, 0.16910895705223083, 0.16871102154254913, 0.1692645251750946, 0.1678723245859146, 0.16473209857940674, 0.16390468180179596, 0.16293221712112427, 0.1626579314470291, 0.15908899903297424, 0.1590864062309265, 0.1578100025653839, 0.15802927315235138, 0.15560856461524963, 0.15481097996234894, 0.156128391623497, 0.15380260348320007, 0.15306206047534943, 0.1516188085079193, 0.15231919288635254, 0.15135988593101501, 0.14916791021823883, 0.14784103631973267, 0.1475587785243988, 0.14702260494232178, 0.14636172354221344, 0.14540918171405792, 0.14410576224327087, 0.14275582134723663, 0.14223508536815643, 0.1406782865524292, 0.14159078896045685, 0.13957412540912628, 0.13815204799175262, 0.138796865940094, 0.13999827206134796, 0.13758569955825806, 0.1354602575302124, 0.13615131378173828, 0.13624010980129242, 0.13433590531349182, 0.13354700803756714], "acc": [0.628350019454956, 0.8103500008583069, 0.8484333157539368, 0.8660833239555359, 0.8782333135604858, 0.8859999775886536, 0.8929166793823242, 0.897933304309845, 0.9021833539009094, 0.9054499864578247, 0.9078666567802429, 0.9125000238418579, 0.9140999913215637, 0.9153333306312561, 0.9181666374206543, 0.9199666380882263, 0.921916663646698, 0.9236833453178406, 0.9251499772071838, 0.926800012588501, 0.9276166558265686, 0.9281166791915894, 0.9297833442687988, 0.9300666451454163, 0.9323333501815796, 0.9329666495323181, 0.9342833161354065, 0.9354333281517029, 0.9363999962806702, 0.9373833537101746, 0.9379333257675171, 0.9385333061218262, 0.9383833408355713, 0.9387999773025513, 0.9394833445549011, 0.940850019454956, 0.9418166875839233, 0.9419166445732117, 0.9435999989509583, 0.9438833594322205, 0.9442333579063416, 0.9444833397865295, 0.9464333057403564, 0.9462833404541016, 0.9465500116348267, 0.9458500146865845, 0.9467999935150146, 0.9472833275794983, 0.9476833343505859, 0.9477499723434448, 0.9489499926567078, 0.9490333199501038, 0.9496833086013794, 0.9504166841506958, 0.949566662311554, 0.9501500129699707, 0.9518833160400391, 0.9512333273887634, 0.9517333507537842, 0.9529833197593689, 0.9532666802406311, 0.9528166651725769, 0.9536666870117188, 0.9536666870117188, 0.9539999961853027, 0.9543333053588867, 0.9540333151817322, 0.9557666778564453, 0.9557499885559082, 0.9559166431427002, 0.9559833407402039, 0.9561166763305664, 0.9568166732788086, 0.9558500051498413, 0.9569166898727417, 0.956933319568634, 0.9580000042915344, 0.9571999907493591, 0.9584166407585144, 0.9576500058174133, 0.9585999846458435, 0.9591333270072937, 0.9585666656494141, 0.9597833156585693, 0.9583500027656555, 0.9594666957855225, 0.9597833156585693, 0.9589833617210388, 0.9607833623886108, 0.9606999754905701, 0.9608666896820068, 0.9611833095550537, 0.9611333608627319, 0.9601666927337646, 0.9605833292007446, 0.9627500176429749, 0.9609333276748657, 0.9616166949272156, 0.9621833562850952, 0.9628999829292297], "val_loss": [0.6184536814689636, 0.43493783473968506, 0.36770129203796387, 0.33026617765426636, 0.30530640482902527, 0.2867124378681183, 0.27246564626693726, 0.26069238781929016, 0.2513982355594635, 0.24356406927108765, 0.23588599264621735, 0.2295684516429901, 0.22320398688316345, 0.21812057495117188, 0.21341823041439056, 0.2088882327079773, 0.20450977981090546, 0.20059111714363098, 0.19711394608020782, 0.19338743388652802, 0.19048435986042023, 0.18755900859832764, 0.18460941314697266, 0.18235236406326294, 0.1797093152999878, 0.17720451951026917, 0.17474249005317688, 0.17232860624790192, 0.17046386003494263, 0.16848766803741455, 0.16659198701381683, 0.16454863548278809, 0.16283950209617615, 0.16083358228206635, 0.15904824435710907, 0.1576889306306839, 0.15597118437290192, 0.154547318816185, 0.15266980230808258, 0.15146343410015106, 0.14999151229858398, 0.1486382633447647, 0.14729434251785278, 0.1459932178258896, 0.144734188914299, 0.14362561702728271, 0.14248475432395935, 0.14155516028404236, 0.14037613570690155, 0.1392567753791809, 0.13807561993598938, 0.1372063010931015, 0.13585364818572998, 0.1353047639131546, 0.13441403210163116, 0.13329993188381195, 0.13253746926784515, 0.13172541558742523, 0.13052776455879211, 0.12979748845100403, 0.12885914742946625, 0.12810523808002472, 0.12730872631072998, 0.1267143338918686, 0.1257239133119583, 0.12549130618572235, 0.12442004680633545, 0.12360286712646484, 0.1230027824640274, 0.12222159653902054, 0.12143655121326447, 0.12081202119588852, 0.12003938853740692, 0.11939774453639984, 0.11868473142385483, 0.11832933127880096, 0.1177288219332695, 0.11742741614580154, 0.11659873276948929, 0.11593471467494965, 0.11552281677722931, 0.11486876010894775, 0.11446971446275711, 0.11375323683023453, 0.11341425776481628, 0.11282321810722351, 0.11222010850906372, 0.1118791475892067, 0.11132203042507172, 0.11065761744976044, 0.11017227917909622, 0.1097705066204071, 0.10931125283241272, 0.10888096690177917, 0.10853888839483261, 0.10784447193145752, 0.10750061273574829, 0.10709916055202484, 0.10660046339035034, 0.10631412267684937],