{"loss": [0.7102228999137878, 0.35540899634361267, 0.28836923837661743, 0.24487130343914032, 0.21503736078739166, 0.1934545338153839, 0.17392927408218384, 0.16123278439044952, 0.14720742404460907, 0.13683027029037476, 0.12803494930267334, 0.11937902867794037, 0.11298003047704697, 0.10601610690355301, 0.10083111375570297, 0.09672211855649948, 0.09100920706987381, 0.08594908565282822, 0.08246704190969467, 0.07917985320091248, 0.07692386209964752, 0.07189808040857315, 0.06933251768350601, 0.06670928001403809, 0.06501279771327972, 0.06055096164345741, 0.05837281793355942, 0.05684057995676994, 0.054611384868621826, 0.0517798587679863, 0.04856298491358757, 0.04804149270057678, 0.04619922861456871, 0.04499278962612152, 0.04353846609592438, 0.04188770800828934, 0.04038511961698532, 0.03851936757564545, 0.036372385919094086, 0.0356685109436512, 0.036200374364852905, 0.034846723079681396, 0.03346871957182884, 0.03325190767645836, 0.03078586235642433, 0.03046565130352974, 0.02943609096109867, 0.029163289815187454, 0.027234753593802452, 0.027050619944930077, 0.025385025888681412, 0.025458039715886116, 0.024617306888103485, 0.02339395135641098, 0.023406879976391792, 0.02174629084765911, 0.021149273961782455, 0.02049601450562477, 0.021139098331332207, 0.02026580460369587, 0.019547274336218834, 0.01966388337314129, 0.01793893426656723, 0.017702877521514893, 0.017322761937975883, 0.017313625663518906, 0.016166646033525467, 0.016512295231223106, 0.015496615320444107, 0.01559145376086235, 0.014313089661300182, 0.014657720923423767, 0.014722073450684547, 0.014884626492857933, 0.013841923326253891, 0.013057934120297432, 0.012997729703783989, 0.013041545636951923, 0.0115859005600214, 0.011555059812963009, 0.01187894493341446, 0.011834253557026386, 0.011189493350684643, 0.011241842992603779, 0.011383220553398132, 0.01111782155930996, 0.010658478364348412, 0.009845889173448086, 0.009762505069375038, 0.009583345614373684, 0.00945351179689169, 0.009458515793085098, 0.0095012616366148, 0.009566878899931908, 0.009094305336475372, 0.008757174015045166, 0.008602521382272243, 0.008828805759549141, 0.008180211298167706, 0.007850398309528828], "acc": [0.7942833304405212, 0.9000166654586792, 0.9190499782562256, 0.9304166436195374, 0.9391499757766724, 0.9449999928474426, 0.9508000016212463, 0.9541500210762024, 0.958133339881897, 0.9609833359718323, 0.9637166857719421, 0.9660666584968567, 0.9677666425704956, 0.9689000248908997, 0.9713166952133179, 0.9721999764442444, 0.9740666747093201, 0.9750666618347168, 0.9762833118438721, 0.9775500297546387, 0.9778833389282227, 0.9800000190734863, 0.9798833131790161, 0.981083333492279, 0.981166660785675, 0.9825500249862671, 0.9830166697502136, 0.9836333394050598, 0.9850500226020813, 0.9847833514213562, 0.9860833287239075, 0.985966682434082, 0.9862333536148071, 0.9868666529655457, 0.9872833490371704, 0.987766683101654, 0.9883000254631042, 0.9896833300590515, 0.9898333549499512, 0.9898166656494141, 0.9898166656494141, 0.9901999831199646, 0.9905999898910522, 0.9906833171844482, 0.9911999702453613, 0.9914000034332275, 0.9916166663169861, 0.9922666549682617, 0.9922666549682617, 0.9925666451454163, 0.9930499792098999, 0.9931333065032959, 0.993316650390625, 0.9936833381652832, 0.9934166669845581, 0.9943666458129883, 0.9945666790008545, 0.9945833086967468, 0.9941999912261963, 0.9947333335876465, 0.9949166774749756, 0.995033323764801, 0.9954666495323181, 0.9953500032424927, 0.9956499934196472, 0.9955666661262512, 0.9958333373069763, 0.9959333539009094, 0.996150016784668, 0.9958166480064392, 0.9965500235557556, 0.9965166449546814, 0.996233344078064, 0.996066689491272, 0.9967833161354065, 0.9967833161354065, 0.9968000054359436, 0.9967833161354065, 0.9973333477973938, 0.9972500205039978, 0.9972000122070312, 0.9969333410263062, 0.9973000288009644, 0.9970499873161316, 0.9972000122070312, 0.9973999857902527, 0.9975500106811523, 0.9976166486740112, 0.9976333379745483, 0.9979666471481323, 0.9978166818618774, 0.9980166554450989, 0.997783362865448, 0.997783362865448, 0.9977666735649109, 0.9979333281517029, 0.998283326625824, 0.9979666471481323, 0.9982333183288574, 0.9983000159263611], "val_loss": [0.30341166257858276, 0.23264843225479126, 0.19434331357479095, 0.1688758134841919, 0.15251490473747253, 0.13759440183639526, 0.12471509724855423, 0.11815549433231354, 0.10957548767328262, 0.10505624860525131, 0.09961453825235367, 0.09480243921279907, 0.08925556391477585, 0.08625229448080063, 0.08323536068201065, 0.08234808593988419, 0.07894174009561539, 0.07647106051445007, 0.07564575970172882, 0.0738091915845871, 0.07290846854448318, 0.07169323414564133, 0.0704028382897377, 0.06883114576339722, 0.06833769381046295, 0.06705281883478165, 0.06810660660266876, 0.06509263068437576, 0.06471392512321472, 0.06463442742824554, 0.06357091665267944, 0.0630744993686676, 0.06359610706567764, 0.062186695635318756, 0.060709837824106216, 0.061986345797777176, 0.06080351397395134, 0.0590001717209816, 0.05984069034457207, 0.05923863500356674, 0.05901403725147247, 0.05885967239737511, 0.05999463051557541, 0.057718414813280106, 0.05931032821536064, 0.058194853365421295, 0.05750742927193642, 0.05838409438729286, 0.05801048502326012, 0.05783984437584877, 0.0579749196767807, 0.05746009573340416, 0.05880424752831459, 0.05861392244696617, 0.058318641036748886, 0.05917751416563988, 0.05928828567266464, 0.05718594789505005, 0.05866092070937157, 0.0589655265212059, 0.05819328501820564, 0.059177592396736145, 0.0608949214220047, 0.058945152908563614, 0.05864351987838745, 0.058767907321453094, 0.05936634540557861, 0.058726221323013306, 0.060136839747428894, 0.060019928961992264, 0.05944833904504776, 0.06015731021761894, 0.06035199016332626, 0.05935618281364441, 0.0603550486266613, 0.06057373061776161, 0.05963810533285141, 0.0614762157201767, 0.06068381294608116, 0.060446832329034805, 0.061219267547130585, 0.06083131209015846, 0.06029975414276123, 0.05865548178553581, 0.05978105589747429, 0.06027654930949211, 0.061530761420726776, 0.060433436185121536, 0.06038123741745949, 0.060614775866270065, 0.06146102398633957, 0.061771564185619354, 0.06349997967481613, 0.06164461746811867, 0.061962664127349854, 0.06166224926710129, 0.06062250956892967, 0.06260079145431519, 0.06356704980134964, 0.06258899718523026],