{"loss": [0.25747400522232056, 0.14274200797080994, 0.13335208594799042, 0.13667796552181244, 0.13885881006717682, 0.14252306520938873, 0.14452244341373444, 0.1491842269897461, 0.15700064599514008, 0.16201448440551758, 0.15928517282009125, 0.1595352441072464, 0.16082635521888733, 0.16418614983558655, 0.17304620146751404], "acc": [0.9246166944503784, 0.9651833176612854, 0.9701166749000549, 0.9732499718666077, 0.9734500050544739, 0.9735666513442993, 0.9754499793052673, 0.9750166535377502, 0.9746500253677368, 0.9763666391372681, 0.9753999710083008, 0.9761999845504761, 0.975933313369751, 0.9767000079154968, 0.9760500192642212], "val_loss": [0.11988987028598785, 0.13179709017276764, 0.13536687195301056, 0.1476738154888153, 0.1658199280500412, 0.17032214999198914, 0.20597223937511444, 0.20997615158557892, 0.209856316447258, 0.2276667207479477, 0.2349378913640976, 0.24654047191143036, 0.23587849736213684, 0.26685068011283875, 0.28271639347076416], "val_acc": [0.9695000052452087, 0.97079998254776, 0.9731000065803528, 0.9740999937057495, 0.9771000146865845, 0.9746999740600586, 0.9754999876022339, 0.9747999906539917, 0.9757000207901001, 0.9714999794960022, 0.9733999967575073, 0.9769999980926514, 0.9757000207901001, 0.9750000238418579, 0.9710999727249146]}