{"loss": [0.26277583837509155, 0.11286509782075882, 0.08037013560533524, 0.0637541264295578, 0.05339072272181511, 0.0418844148516655, 0.03929775208234787, 0.03535547852516174, 0.029528217390179634, 0.02964419685304165, 0.022533457726240158, 0.022408153861761093, 0.023230992257595062, 0.02005464769899845, 0.01965414360165596, 0.01991070993244648, 0.020004350692033768, 0.01662350632250309, 0.019565515220165253, 0.017005659639835358, 0.016162164509296417, 0.01654471829533577, 0.01695162057876587, 0.014131469652056694, 0.012775776907801628, 0.013440883718430996, 0.01306025218218565, 0.012625464238226414, 0.012541097588837147, 0.015862779691815376, 0.012105422094464302, 0.012976940721273422, 0.012885179370641708, 0.013024409301578999, 0.013219702988862991, 0.009859420359134674, 0.010596882551908493, 0.012638244777917862, 0.011502758599817753, 0.011360344476997852, 0.012333846651017666, 0.010475932620465755, 0.013028047047555447, 0.013992366380989552, 0.008965185843408108, 0.01234319806098938, 0.010580180212855339, 0.009158676490187645, 0.0126597685739398, 0.010453256778419018, 0.009650942869484425, 0.011422433890402317, 0.00784220453351736, 0.013259656727313995, 0.00839298963546753, 0.009821850806474686, 0.010137064382433891, 0.009123115800321102, 0.009232771582901478, 0.009966623969376087, 0.010525034740567207, 0.009348190389573574, 0.010719423182308674, 0.011264250613749027, 0.008163250982761383, 0.010567976161837578, 0.010548403486609459, 0.007179838139563799, 0.009022786282002926, 0.00931402575224638, 0.011925463564693928, 0.008772868663072586, 0.009119211696088314, 0.00920027308166027, 0.012323559261858463, 0.004106323234736919, 0.010615957900881767, 0.008855576626956463, 0.00748566584661603, 0.007968530990183353, 0.008267018012702465, 0.01107550598680973, 0.005576631985604763, 0.013199142180383205, 0.006343106739223003, 0.006783005315810442, 0.011100415140390396, 0.011359487660229206, 0.003750631120055914, 0.010305759496986866, 0.011145771481096745, 0.010818435810506344, 0.006196918431669474, 0.010873555205762386, 0.007546891923993826, 0.009165899828076363, 0.007986546494066715, 0.010315224528312683, 0.007780465297400951, 0.008893282152712345], "acc": [0.9228666424751282, 0.9667500257492065, 0.9758666753768921, 0.980650007724762, 0.9839833378791809, 0.9872999787330627, 0.9882166385650635, 0.9887999892234802, 0.9904000163078308, 0.991100013256073, 0.9926999807357788, 0.9927666783332825, 0.9932833313941956, 0.9937999844551086, 0.9940666556358337, 0.9939500093460083, 0.9941999912261963, 0.9953500032424927, 0.994350016117096, 0.9952166676521301, 0.9956833124160767, 0.9955333471298218, 0.9950666427612305, 0.995983362197876, 0.996233344078064, 0.9961000084877014, 0.9966833591461182, 0.9967666864395142, 0.996399998664856, 0.9960333108901978, 0.9968833327293396, 0.9968500137329102, 0.9968666434288025, 0.9968000054359436, 0.9964166879653931, 0.9975500106811523, 0.9968666434288025, 0.9968500137329102, 0.9971500039100647, 0.9974833130836487, 0.9970166683197021, 0.9975833296775818, 0.9970166683197021, 0.9969833493232727, 0.9976833462715149, 0.9974499940872192, 0.9977499842643738, 0.9980166554450989, 0.9973000288009644, 0.9975500106811523, 0.9977999925613403, 0.9976500272750854, 0.9980499744415283, 0.9973499774932861, 0.99795001745224, 0.9977333545684814, 0.9978833198547363, 0.9979833364486694, 0.9979666471481323, 0.9976333379745483, 0.9977666735649109, 0.997783362865448, 0.9979000091552734, 0.9976833462715149, 0.9983333349227905, 0.9978333115577698, 0.9977999925613403, 0.998283326625824, 0.998283326625824, 0.9981333613395691, 0.997866690158844, 0.998033344745636, 0.998033344745636, 0.9981833100318909, 0.9977666735649109, 0.9989666938781738, 0.9978333115577698, 0.9981499910354614, 0.9983500242233276, 0.9981333613395691, 0.9982166886329651, 0.9978500008583069, 0.9989500045776367, 0.9980499744415283, 0.9985499978065491, 0.9986500144004822, 0.9980833530426025, 0.9980999827384949, 0.9991166591644287, 0.9979000091552734, 0.9979833364486694, 0.9983333349227905, 0.9989166855812073, 0.998033344745636, 0.9986833333969116, 0.998533308506012, 0.9984166622161865, 0.9981333613395691, 0.9988166689872742, 0.9985666871070862], "val_loss": [0.11627983301877975, 0.08810365945100784, 0.07910697162151337, 0.08435051888227463, 0.0846608504652977, 0.0816817581653595, 0.08636122196912766, 0.07819058001041412, 0.08541648834943771, 0.09819579869508743, 0.1094590350985527, 0.09227811545133591, 0.09463367611169815, 0.10878292471170425, 0.12649065256118774, 0.10828044265508652, 0.10999204963445663, 0.12384775280952454, 0.11594311892986298, 0.13058258593082428, 0.12461216747760773, 0.13183312118053436, 0.16106081008911133, 0.14747683703899384, 0.1320728212594986, 0.1531454622745514, 0.1491704285144806, 0.1819641888141632, 0.18722587823867798, 0.15073305368423462, 0.16694405674934387, 0.17626577615737915, 0.17347991466522217, 0.17970898747444153, 0.16439242660999298, 0.1718468964099884, 0.1838451772928238, 0.17921210825443268, 0.19852285087108612, 0.22327080368995667, 0.19429819285869598, 0.2097139209508896, 0.19728456437587738, 0.2054908722639084, 0.21868804097175598, 0.19950228929519653, 0.206741064786911, 0.2240852564573288, 0.19855272769927979, 0.2013307809829712, 0.235311821103096, 0.21460376679897308, 0.23183760046958923, 0.2519121766090393, 0.23506198823451996, 0.25259268283843994, 0.2329506278038025, 0.2842327654361725, 0.22879457473754883, 0.243293896317482, 0.25587621331214905, 0.30475693941116333, 0.2593531906604767, 0.2654808461666107, 0.2397996336221695, 0.27729931473731995, 0.2504819929599762, 0.2460695505142212, 0.27191194891929626, 0.27313941717147827, 0.2767924964427948, 0.31942442059516907, 0.28308045864105225, 0.32601773738861084, 0.26901906728744507, 0.29816457629203796, 0.2940428853034973, 0.29498258233070374, 0.29241514205932617, 0.2840697467327118, 0.3244268596172333, 0.27809587121009827, 0.3045647442340851, 0.30563244223594666, 0.30161070823669434, 0.35513433814048767, 0.30823269486427307, 0.29825860261917114, 0.3203892111778259, 0.31330835819244385, 0.3443222641944885, 0.37462118268013, 0.3792024850845337, 0.3266631066799164, 0.30764123797416687, 0.2946479320526123, 0.3079279959201813, 0.3987793028354645, 0.3761248290538788, 0.36409544944763184],