{"loss": [0.2514708340167999, 0.10920009016990662, 0.07789552956819534, 0.061259716749191284, 0.050699520856142044, 0.043337132781744, 0.03763628378510475, 0.03343910723924637, 0.031238960102200508, 0.02907073311507702, 0.02294277586042881, 0.023953622207045555, 0.022824784740805626, 0.020793665200471878, 0.01894790306687355, 0.01950858160853386, 0.018998626619577408, 0.01722206547856331, 0.01788983680307865, 0.01691070944070816, 0.01696590520441532, 0.014582283794879913, 0.013380875810980797, 0.015948228538036346, 0.01449495367705822, 0.014946182258427143, 0.015916721895337105, 0.011518211103975773, 0.015475540421903133, 0.014606046490371227, 0.012526076287031174, 0.011789815500378609, 0.011960220523178577, 0.012890365906059742, 0.011593668721616268, 0.01177897211164236, 0.011804544366896152, 0.0143876438960433, 0.010470716282725334, 0.009206695482134819, 0.01536634936928749, 0.010480688884854317, 0.012309621088206768, 0.009594121016561985, 0.013451918959617615, 0.009099495597183704, 0.00844472087919712, 0.01084952987730503, 0.011612013913691044, 0.009915133006870747, 0.009070739150047302, 0.014191264286637306, 0.008885770104825497, 0.008287811651825905, 0.00957151222974062, 0.01295427419245243, 0.01014693547040224, 0.00925169512629509, 0.010377947241067886, 0.01131829246878624, 0.010628475807607174, 0.010875079780817032, 0.010098857805132866, 0.008388495072722435, 0.012167289853096008, 0.00835131574422121, 0.01135444175451994, 0.010540137067437172, 0.009298739023506641, 0.01194813847541809, 0.008507892489433289, 0.007288751192390919, 0.008658280596137047, 0.008381083607673645, 0.009495064616203308, 0.008806493133306503, 0.010868304409086704, 0.00937865860760212, 0.008163447491824627, 0.010436310432851315, 0.010789752006530762, 0.00734508503228426, 0.00898960791528225, 0.009347098879516125, 0.009098721668124199, 0.009233632124960423, 0.007834456861019135, 0.009375004097819328, 0.00720604881644249, 0.00810327474027872, 0.013575352728366852, 0.009575153701007366, 0.008821805939078331, 0.006544267293065786, 0.008561342023313046, 0.010336593724787235, 0.005583674181252718, 0.009030451066792011, 0.008402825333178043, 0.009449419565498829], "acc": [0.9265000224113464, 0.9676833152770996, 0.9763000011444092, 0.9816166758537292, 0.9837499856948853, 0.9871000051498413, 0.9881166815757751, 0.9892500042915344, 0.9904999732971191, 0.9913833141326904, 0.9931333065032959, 0.9923999905586243, 0.9929500222206116, 0.9939333200454712, 0.9945833086967468, 0.9940166473388672, 0.9944166541099548, 0.9948999881744385, 0.9949333071708679, 0.9948833584785461, 0.9952333569526672, 0.9957166910171509, 0.9962999820709229, 0.9959666728973389, 0.996066689491272, 0.9961333274841309, 0.9960500001907349, 0.9965999722480774, 0.996233344078064, 0.9962999820709229, 0.9966999888420105, 0.9969833493232727, 0.9968500137329102, 0.9965000152587891, 0.9968000054359436, 0.9970666766166687, 0.9969666600227356, 0.9966833591461182, 0.9971833229064941, 0.9975333213806152, 0.9965166449546814, 0.9975000023841858, 0.9971833229064941, 0.9976500272750854, 0.9969333410263062, 0.9979166388511658, 0.9976000189781189, 0.9976999759674072, 0.9976000189781189, 0.9978333115577698, 0.9979000091552734, 0.9970999956130981, 0.9979333281517029, 0.9979833364486694, 0.9978166818618774, 0.9973999857902527, 0.99795001745224, 0.997866690158844, 0.9977666735649109, 0.9977666735649109, 0.9976666569709778, 0.9978333115577698, 0.998033344745636, 0.9982166886329651, 0.9979000091552734, 0.9983333349227905, 0.997783362865448, 0.9979000091552734, 0.9979666471481323, 0.9977666735649109, 0.9980000257492065, 0.9983000159263611, 0.998283326625824, 0.9981666803359985, 0.998033344745636, 0.99836665391922, 0.9980166554450989, 0.998116672039032, 0.9986166954040527, 0.998116672039032, 0.9980999827384949, 0.9983999729156494, 0.9984833598136902, 0.9984333515167236, 0.9983166456222534, 0.998199999332428, 0.9983999729156494, 0.9984166622161865, 0.9981666803359985, 0.9985166788101196, 0.998033344745636, 0.998449981212616, 0.9984166622161865, 0.9987499713897705, 0.9983833432197571, 0.9981666803359985, 0.9988666772842407, 0.998533308506012, 0.9986333250999451, 0.9987333416938782], "val_loss": [0.10503081977367401, 0.08698443323373795, 0.08129405230283737, 0.0770399197936058, 0.07704194635152817, 0.08877123147249222, 0.08331514894962311, 0.09413450956344604, 0.09226866811513901, 0.0818692222237587, 0.13194802403450012, 0.10450932383537292, 0.1088193878531456, 0.1022765040397644, 0.11229392141103745, 0.11085527390241623, 0.13286994397640228, 0.1298447698354721, 0.10896813869476318, 0.13319866359233856, 0.14237430691719055, 0.1340717077255249, 0.13411679863929749, 0.12330872565507889, 0.13608908653259277, 0.16470670700073242, 0.12738271057605743, 0.14257574081420898, 0.13573026657104492, 0.13288594782352448, 0.15837526321411133, 0.15415704250335693, 0.15893962979316711, 0.1640348881483078, 0.19234099984169006, 0.18463945388793945, 0.1803240031003952, 0.19459165632724762, 0.17802028357982635, 0.19783952832221985, 0.15405358374118805, 0.1711771935224533, 0.1851741075515747, 0.17930848896503448, 0.2215399444103241, 0.2002985030412674, 0.21650347113609314, 0.2354835420846939, 0.2111022025346756, 0.2302560806274414, 0.24392512440681458, 0.21227091550827026, 0.2418702095746994, 0.26630717515945435, 0.20080895721912384, 0.21259191632270813, 0.23173904418945312, 0.22502288222312927, 0.23941563069820404, 0.23382282257080078, 0.2651299834251404, 0.22588540613651276, 0.22811339795589447, 0.21260495483875275, 0.23063422739505768, 0.2163795381784439, 0.24687570333480835, 0.22147145867347717, 0.26153337955474854, 0.24664486944675446, 0.2584982216358185, 0.2808249890804291, 0.26251882314682007, 0.298162043094635, 0.2748613655567169, 0.219925194978714, 0.2802518904209137, 0.2529667615890503, 0.26488739252090454, 0.2685443162918091, 0.2908068895339966, 0.2802537679672241, 0.33751678466796875, 0.28591763973236084, 0.3091816008090973, 0.3288114666938782, 0.292627215385437, 0.3071339726448059, 0.31985238194465637, 0.34998583793640137, 0.28348925709724426, 0.34124115109443665, 0.2947080731391907, 0.29503217339515686, 0.32010015845298767, 0.39401131868362427, 0.32910069823265076, 0.35537955164909363, 0.34565088152885437, 0.3401334285736084],