{"loss": [0.7279037833213806, 0.36308982968330383, 0.2925957143306732, 0.2513904273509979, 0.21979443728923798, 0.19680386781692505, 0.18018192052841187, 0.16520622372627258, 0.15223407745361328, 0.14292989671230316, 0.13213689625263214, 0.12541954219341278, 0.11628863215446472, 0.11050812900066376, 0.1051226332783699, 0.09908448159694672, 0.09350662678480148, 0.08941821753978729, 0.08445577323436737, 0.08124344050884247, 0.07914748787879944, 0.07532273232936859, 0.07163939625024796, 0.06833495199680328, 0.06655913591384888, 0.06244352459907532, 0.06211863085627556, 0.057975269854068756, 0.05704334005713463, 0.054212410002946854, 0.05129450187087059, 0.049481891095638275, 0.04792323336005211, 0.04779542610049248, 0.04444672167301178, 0.043966758996248245, 0.0415056012570858, 0.04052768647670746, 0.03890473395586014, 0.03832455351948738, 0.036785151809453964, 0.03601612150669098, 0.03387319669127464, 0.03262311592698097, 0.031782206147909164, 0.03153950348496437, 0.03060775063931942, 0.029912767931818962, 0.028563618659973145, 0.027843229472637177, 0.026426175609230995, 0.026322437450289726, 0.025925586000084877, 0.02504870668053627, 0.024003174155950546, 0.023654719814658165, 0.022227739915251732, 0.021918214857578278, 0.02131599187850952, 0.020942335948348045, 0.020111391320824623, 0.019864795729517937, 0.01857839897274971, 0.018467383459210396, 0.018268467858433723, 0.01742580533027649, 0.016951793804764748, 0.01593020372092724, 0.017152803018689156, 0.01623927801847458, 0.01605170965194702, 0.015345136635005474, 0.015399645082652569, 0.014248820021748543, 0.01429473515599966, 0.014226110652089119, 0.013297519646584988, 0.01335254218429327, 0.013315041549503803, 0.012554275803267956, 0.0126231973990798, 0.012205462902784348, 0.012066544964909554, 0.011711394414305687, 0.011331361718475819, 0.010867569595575333, 0.010956049896776676, 0.010761380195617676, 0.010549088940024376, 0.009940541349351406, 0.0103593859821558, 0.009544487111270428, 0.009923464618623257, 0.009667945094406605, 0.009157286025583744, 0.009066928178071976, 0.008593708276748657, 0.008541569113731384, 0.008642508648335934, 0.008551735430955887], "acc": [0.7871999740600586, 0.8962000012397766, 0.9167666435241699, 0.9275833368301392, 0.9369333386421204, 0.9429833292961121, 0.9484333395957947, 0.9522666931152344, 0.9559333324432373, 0.9594833254814148, 0.961983323097229, 0.9634333252906799, 0.9663833379745483, 0.9687333106994629, 0.9699833393096924, 0.9711333513259888, 0.9733499884605408, 0.9746166467666626, 0.9752333164215088, 0.9764999747276306, 0.9775333404541016, 0.9782833456993103, 0.9789666533470154, 0.9797999858856201, 0.98089998960495, 0.9817833304405212, 0.9818333387374878, 0.9825500249862671, 0.9833333492279053, 0.9842833280563354, 0.985450029373169, 0.9855333566665649, 0.9863333106040955, 0.986549973487854, 0.9869333505630493, 0.9879500269889832, 0.9883666634559631, 0.9883666634559631, 0.9887499809265137, 0.9892833232879639, 0.9894000291824341, 0.9897500276565552, 0.9903833270072937, 0.9906666874885559, 0.9906666874885559, 0.9909833073616028, 0.9911666512489319, 0.9913166761398315, 0.9921500086784363, 0.9924166798591614, 0.9926666617393494, 0.9926999807357788, 0.9928666949272156, 0.992816686630249, 0.9932666420936584, 0.9935333132743835, 0.9940333366394043, 0.9939833283424377, 0.9940666556358337, 0.9942833185195923, 0.9945166707038879, 0.9945499897003174, 0.9948166608810425, 0.9946666955947876, 0.9952333569526672, 0.9956166744232178, 0.9954166412353516, 0.9959499835968018, 0.9953333139419556, 0.996150016784668, 0.9960166811943054, 0.9957666397094727, 0.996066689491272, 0.9965833425521851, 0.9962999820709229, 0.9966166615486145, 0.996649980545044, 0.996483325958252, 0.9965333342552185, 0.9970333576202393, 0.9965500235557556, 0.9970333576202393, 0.9971500039100647, 0.9971500039100647, 0.9974499940872192, 0.9975166916847229, 0.9975666403770447, 0.9974333047866821, 0.9975666403770447, 0.997783362865448, 0.9976999759674072, 0.997783362865448, 0.9976000189781189, 0.9975500106811523, 0.9980666637420654, 0.9977333545684814, 0.9980000257492065, 0.9981333613395691, 0.9979833364486694, 0.9981833100318909], "val_loss": [0.30573660135269165, 0.2338557094335556, 0.19655221700668335, 0.17282156646251678, 0.15800148248672485, 0.14044567942619324, 0.1276695728302002, 0.12111072987318039, 0.11366476863622665, 0.10790740698575974, 0.10301590710878372, 0.09765046089887619, 0.09306693822145462, 0.08911894261837006, 0.08616270124912262, 0.08526164293289185, 0.08076773583889008, 0.07861285656690598, 0.07671390473842621, 0.07496502995491028, 0.07420796155929565, 0.07151386886835098, 0.0697672888636589, 0.06911048293113708, 0.06876034289598465, 0.06872668117284775, 0.06758240610361099, 0.06470676511526108, 0.0642353817820549, 0.06318200379610062, 0.0630686804652214, 0.06286219507455826, 0.06480395793914795, 0.0612080879509449, 0.06106500327587128, 0.0605502687394619, 0.05948687717318535, 0.05936542525887489, 0.06082161143422127, 0.060625359416007996, 0.05932243540883064, 0.0585801862180233, 0.05953499302268028, 0.058768678456544876, 0.06089966371655464, 0.06049325689673424, 0.05868450179696083, 0.05756498500704765, 0.057421162724494934, 0.05761167034506798, 0.05795644596219063, 0.057044677436351776, 0.05816877260804176, 0.058381352573633194, 0.0599946603178978, 0.058421697467565536, 0.058632005006074905, 0.058018121868371964, 0.05931033939123154, 0.058264873921871185, 0.05840262398123741, 0.05786006525158882, 0.05925562605261803, 0.057120323181152344, 0.05740051344037056, 0.05706740543246269, 0.05792282894253731, 0.057816822081804276, 0.05670444294810295, 0.05746102333068848, 0.057917963713407516, 0.05717828869819641, 0.05910835042595863, 0.0578329972922802, 0.057747021317481995, 0.06008609011769295, 0.05834798514842987, 0.0593993104994297, 0.05825953930616379, 0.058500971645116806, 0.0586707778275013, 0.05938161537051201, 0.05753609165549278, 0.05843522772192955, 0.058612097054719925, 0.0584426075220108, 0.06061096861958504, 0.058389123529195786, 0.05974007397890091, 0.05955493077635765, 0.05900583416223526, 0.060179490596055984, 0.06140179932117462, 0.060463305562734604, 0.06059267744421959, 0.06079226732254028, 0.06027192994952202, 0.061042290180921555, 0.0602492019534111, 0.060496143996715546],